Liga,Tahun,position,team,matches,wins,draws,loses,scored,missed,xGA,xpts
La_liga,2014,1,Barcelona,38,30,4,4,110,21,"2,844,429,270,000,000","9,408,129,999,999,990"
La_liga,2014,2,Real Madrid,38,30,2,6,118,38,"42,607,198,000,000,000","817,489"
La_liga,2014,3,Atletico Madrid,38,23,9,6,67,29,"29,069,107,100,000,000","7,313,530,000,000,000"
La_liga,2014,4,Valencia,38,22,11,5,70,32,"39,392,571,999,999,900","637,068"
La_liga,2014,5,Sevilla,38,23,7,8,71,45,"4,786,274,200,000,000","6,738,669,999,999,990"
La_liga,2014,6,Villarreal,38,16,12,10,48,37,"4,070,181,300,000,000","62,736,299,999,999,900"
La_liga,2014,7,Athletic Club,38,15,10,13,42,41,"441,067,075","533,585"
La_liga,2014,8,Celta Vigo,38,13,12,13,47,44,"5,177,713,800,000,000","5,504,879,999,999,990"
La_liga,2014,9,Malaga,38,14,8,16,42,48,"54,130,818","48,512,800,000,000,000"
La_liga,2014,10,Rayo Vallecano,38,15,4,19,46,68,"7,043,346","4,354,550,000,000,000"
La_liga,2014,11,Espanyol,38,13,10,15,47,51,"4,830,391,579,999,990","50,384,999,999,999,900"
La_liga,2014,12,Real Sociedad,38,11,13,14,44,51,"5,115,811,800,000,000","3,878,179,999,999,990"
La_liga,2014,13,Elche,38,11,8,19,35,62,"58,071,769,999,999,900","40,671,800,000,000,000"
La_liga,2014,14,Getafe,38,10,7,21,33,64,"53,673,382","4,010,310,000,000,000"
La_liga,2014,15,Levante,38,9,10,19,34,67,"60,270,317,000,000,000","3,760,459,999,999,990"
La_liga,2014,16,Deportivo La Coruna,38,7,14,17,35,60,"509,793,042","4,352,490,000,000,000"
La_liga,2014,17,Granada,38,7,14,17,29,64,"54,283,784","457,345"
La_liga,2014,18,Eibar,38,9,8,21,34,55,"5,371,796,199,999,990","3,565,370,000,000,000"
La_liga,2014,19,Almeria,38,8,8,22,35,64,"58,866,805,000,000,000","39,325,500,000,000,000"
La_liga,2014,20,Cordoba,38,3,11,24,22,68,"5,733,977,600,000,000","362,912"
La_liga,2015,1,Barcelona,38,29,4,5,112,29,"34,029,090,100,000,000","9,437,999,999,999,990"
La_liga,2015,2,Real Madrid,38,28,6,4,110,34,"45,233,782","7,909,270,000,000,000"
La_liga,2015,3,Atletico Madrid,38,28,4,6,63,18,"27,797,052","7,228,030,000,000,000"
La_liga,2015,4,Villarreal,38,18,10,10,44,35,"4,163,078,800,000,000","521,071"
La_liga,2015,5,Athletic Club,38,18,8,12,58,45,"45,326,223,999,999,900","5,823,810,000,000,000"
La_liga,2015,6,Celta Vigo,38,17,9,12,51,59,"5,198,172,580,000,000","53,080,999,999,999,900"
La_liga,2015,7,Sevilla,38,14,10,14,51,50,"460,882,856","636,363"
La_liga,2015,8,Malaga,38,12,12,14,38,35,"4,525,460,600,000,000","5,308,010,000,000,000"
La_liga,2015,9,Real Sociedad,38,13,9,16,45,48,"48,036,505,000,000,000","527,503"
La_liga,2015,10,Real Betis,38,11,12,15,34,52,"64,394,609","4,048,800,000,000,000"
La_liga,2015,11,Valencia,38,11,11,16,46,48,"61,685,717","4,672,509,999,999,990"
La_liga,2015,12,Las Palmas,38,12,8,18,45,53,"5,923,681,529,999,990","4,117,930,000,000,000"
La_liga,2015,13,Espanyol,38,12,7,19,40,74,"6,084,227,799,999,990","431,508"
La_liga,2015,14,Eibar,38,11,10,17,49,61,"50,580,983","5,402,529,999,999,990"
La_liga,2015,15,Deportivo La Coruna,38,8,18,12,45,61,"52,374,037","4,607,909,999,999,990"
La_liga,2015,16,Sporting Gijon,38,10,9,19,40,62,"6,061,672,700,000,000","406,074"
La_liga,2015,17,Granada,38,10,9,19,46,69,"62,374,919,999,999,900","38,499,399,999,999,900"
La_liga,2015,18,Rayo Vallecano,38,9,11,18,52,73,"6,508,895,700,000,000","4,577,530,000,000,000"
La_liga,2015,19,Getafe,38,9,9,20,37,67,"63,348,645","4,087,899,999,999,990"
La_liga,2015,20,Levante,38,8,8,22,37,70,"6,354,510,100,000,000","373,269"
La_liga,2016,1,Real Madrid,38,29,6,3,106,41,"36,862,559","861,701"
La_liga,2016,2,Barcelona,38,28,6,4,116,37,"31,315,663,300,000,000","8,795,349,999,999,990"
La_liga,2016,3,Atletico Madrid,38,23,9,6,70,27,"313,361,685","6,910,210,000,000,000"
La_liga,2016,4,Sevilla,38,21,9,8,69,49,"38,704,635","661,788"
La_liga,2016,5,Villarreal,38,19,10,9,56,33,"431,643,821","5,957,190,000,000,000"
La_liga,2016,6,Real Sociedad,38,19,7,12,59,53,"437,127,224","54,935,799,999,999,900"
La_liga,2016,7,Athletic Club,38,19,6,13,53,43,"4,045,537,599,999,990","605,416"
La_liga,2016,8,Espanyol,38,15,11,12,49,50,"3,834,797,899,999,990","46,923,100,000,000,000"
La_liga,2016,9,Alaves,38,14,13,11,41,43,"43,968,918","52,791,000,000,000,000"
La_liga,2016,10,Eibar,38,15,9,14,56,51,"451,701,273","500,492"
La_liga,2016,11,Malaga,38,12,10,16,49,55,"47,348,118,599,999,900","457,466"
La_liga,2016,12,Valencia,38,13,7,18,56,65,"50,961,089,300,000,000","533,876"
La_liga,2016,13,Celta Vigo,38,13,6,19,53,69,"5,597,525,799,999,990","4,263,019,999,999,990"
La_liga,2016,14,Las Palmas,38,10,9,19,53,74,"5,839,414,600,000,000","4,210,850,000,000,000"
La_liga,2016,15,Real Betis,38,10,9,19,41,64,"4,826,806,599,999,990","44,561,800,000,000,000"
La_liga,2016,16,Deportivo La Coruna,38,8,12,18,43,61,"48,604,221,999,999,900","511,573"
La_liga,2016,17,Leganes,38,8,11,19,36,55,"463,858,863","409,461"
La_liga,2016,18,Sporting Gijon,38,7,10,21,42,72,"6,443,206,899,999,990","3,385,989,999,999,990"
La_liga,2016,19,Osasuna,38,4,10,24,40,94,"6,482,491,300,000,000","316,423"
La_liga,2016,20,Granada,38,4,8,26,30,82,"7,402,516,999,999,990","26,495,099,999,999,900"
La_liga,2017,1,Barcelona,38,28,9,1,99,29,"4,162,082","7,943,750,000,000,000"
La_liga,2017,2,Atletico Madrid,38,23,10,5,58,22,"35,483,819,999,999,900","615,989"
La_liga,2017,3,Real Madrid,38,22,10,6,94,44,"45,097,867,999,999,900","799,894"
La_liga,2017,4,Valencia,38,22,7,9,65,38,"47,890,201,999,999,900","5,823,430,000,000,000"
La_liga,2017,5,Villarreal,38,18,7,13,57,50,"54,236,571,000,000,000","549,601"
La_liga,2017,6,Real Betis,38,18,6,14,60,61,"49,760,221,200,000,000","505,059"
La_liga,2017,7,Sevilla,38,17,7,14,49,58,"54,032,522","5,861,090,000,000,000"
La_liga,2017,8,Getafe,38,15,10,13,42,33,"396,481,411","575,273"
La_liga,2017,9,Eibar,38,14,9,15,44,50,"4,553,158,100,000,000","5,078,559,999,999,990"
La_liga,2017,10,Girona,38,14,9,15,50,59,"5,160,399,700,000,000","530,296"
La_liga,2017,11,Celta Vigo,38,13,10,15,59,60,"57,683,858","48,828,599,999,999,900"
La_liga,2017,12,Espanyol,38,12,13,13,36,42,"53,371,869,000,000,000","446,792"
La_liga,2017,13,Real Sociedad,38,14,7,17,66,59,"5,113,120,399,999,990","558,397"
La_liga,2017,14,Alaves,38,15,2,21,40,50,"58,200,749","39,025,400,000,000,000"
La_liga,2017,15,Levante,38,11,13,14,44,58,"65,115,931","418,183"
La_liga,2017,16,Athletic Club,38,10,13,15,41,49,"5,070,784,199,999,990","54,126,999,999,999,900"
La_liga,2017,17,Leganes,38,12,7,19,34,51,"487,653,586","445,758"
La_liga,2017,18,Deportivo La Coruna,38,6,11,21,38,76,"60,873,909,000,000,000","4,915,869,999,999,990"
La_liga,2017,19,Las Palmas,38,5,7,26,24,74,"7,442,937,100,000,000","31,053,200,000,000,000"
La_liga,2017,20,Malaga,38,5,5,28,24,61,"60,236,374,999,999,900","35,831,599,999,999,900"
La_liga,2018,1,Barcelona,38,26,9,3,90,36,"4,493,094,999,999,990","7,396,039,999,999,990"
La_liga,2018,2,Atletico Madrid,38,22,10,6,55,29,"41,434,059,000,000,000","594,276"
La_liga,2018,3,Real Madrid,38,21,5,12,63,46,"4,867,575,300,000,000","647,728"
La_liga,2018,4,Valencia,38,15,16,7,51,35,"42,854,367","6,516,159,999,999,990"
La_liga,2018,5,Sevilla,38,17,8,13,62,47,"4,671,073,199,999,990","6,507,809,999,999,990"
La_liga,2018,6,Getafe,38,15,14,9,48,35,"44,226,041","53,187,200,000,000,000"
La_liga,2018,7,Espanyol,38,14,11,13,48,50,"5,461,608,600,000,000","500,883"
La_liga,2018,8,Athletic Club,38,13,14,11,41,45,"4,715,881,799,999,990","5,001,219,999,999,990"
La_liga,2018,9,Real Sociedad,38,13,11,14,45,46,"4,809,444","5,112,550,000,000,000"
La_liga,2018,10,Alaves,38,13,11,14,39,50,"5,453,208,800,000,000","4,401,619,999,999,990"
La_liga,2018,11,Real Betis,38,14,8,16,44,52,"5,354,473,199,999,990","523,904"
La_liga,2018,12,Eibar,38,11,14,13,46,50,"47,884,204,999,999,900","5,675,300,000,000,000"
La_liga,2018,13,Leganes,38,11,12,15,37,43,"43,936,600,999,999,900","5,114,569,999,999,990"
La_liga,2018,14,Levante,38,11,11,16,59,66,"7,886,325,499,999,990","4,023,330,000,000,000"
La_liga,2018,15,Villarreal,38,10,14,14,49,52,"5,611,814,799,999,990","5,217,990,000,000,000"
La_liga,2018,16,Celta Vigo,38,10,11,17,53,62,"634,295","41,626"
La_liga,2018,17,Real Valladolid,38,10,11,17,32,51,"57,647,324,999,999,900","417,997"
La_liga,2018,18,Girona,38,9,10,19,37,53,"55,334,056","45,165,600,000,000,000"
La_liga,2018,19,SD Huesca,38,7,12,19,43,65,"63,425,214,000,000,000","449,625"
La_liga,2018,20,Rayo Vallecano,38,8,8,22,41,70,"62,318,234,999,999,900","43,015"
La_liga,2019,1,Real Madrid,38,26,9,3,70,25,"33,146,266","776,868"
La_liga,2019,2,Barcelona,38,25,7,6,86,38,"3,782,394,900,000,000","731,381"
La_liga,2019,3,Sevilla,38,19,13,6,54,34,"3,661,730,099,999,990","6,570,500,000,000,000"
La_liga,2019,4,Atletico Madrid,38,18,16,4,51,27,"31,515,192","723,506"
La_liga,2019,5,Villarreal,38,18,6,14,63,49,"48,589,864,999,999,900","6,405,269,999,999,990"
La_liga,2019,6,Real Sociedad,38,16,8,14,56,48,"41,885,105","5,717,829,999,999,990"
La_liga,2019,7,Granada,38,16,8,14,52,45,"43,439,237","5,259,689,999,999,990"
La_liga,2019,8,Getafe,38,14,12,12,43,37,"430,233,834","5,378,779,999,999,990"
La_liga,2019,9,Valencia,38,14,11,13,46,53,"59,073,642","4,542,909,999,999,990"
La_liga,2019,10,Osasuna,38,13,13,12,46,54,"49,580,451,000,000,000","5,150,969,999,999,990"
La_liga,2019,11,Athletic Club,38,13,12,13,41,38,"52,419,298","446,548"
La_liga,2019,12,Levante,38,14,7,17,47,53,"64,249,355","42,879,000,000,000,000"
La_liga,2019,13,Real Valladolid,38,9,15,14,32,43,"53,937,653,999,999,900","393,828"
La_liga,2019,14,Eibar,38,11,9,18,39,56,"5,433,281,600,000,000","42,907,000,000,000,000"
La_liga,2019,15,Real Betis,38,10,11,17,48,60,"56,303,716","47,937,100,000,000,000"
La_liga,2019,16,Alaves,38,10,9,19,34,59,"5,792,967,600,000,000","4,097,700,000,000,000"
La_liga,2019,17,Celta Vigo,38,7,16,15,37,49,"4,482,971,099,999,990","472,581"
La_liga,2019,18,Leganes,38,8,12,18,30,51,"4,562,058,899,999,990","48,919"
La_liga,2019,19,Mallorca,38,9,6,23,40,65,"6,517,030,700,000,000","3,535,680,000,000,000"
La_liga,2019,20,Espanyol,38,5,10,23,27,58,"5,327,932,349,999,990","41,758,999,999,999,900"
EPL,2014,1,Chelsea,38,26,9,3,73,32,"31,524,344,099,999,900","753,172"
EPL,2014,2,Manchester City,38,24,7,7,83,38,"40,499,403","730,982"
EPL,2014,3,Arsenal,38,22,9,7,71,36,"35,718,825","7,517,399,999,999,990"
EPL,2014,4,Manchester United,38,20,10,8,62,37,"3,984,234,699,999,990","6,303,269,999,999,990"
EPL,2014,5,Tottenham,38,19,7,12,58,53,"5,704,414,800,000,000","48,936,099,999,999,900"
EPL,2014,6,Liverpool,38,18,8,12,52,48,"38,249,721","611,673"
EPL,2014,7,Southampton,38,18,6,14,54,33,"3,911,352","62,816,600,000,000,000"
EPL,2014,8,Swansea,38,16,8,14,46,49,"5,594,297,000,000,000","4,331,670,000,000,000"
EPL,2014,9,Stoke,38,15,9,14,48,45,"4,703,066,200,000,000","5,197,149,999,999,990"
EPL,2014,10,Crystal Palace,38,13,9,16,47,51,"45,484,365,000,000,000","5,055,699,999,999,990"
EPL,2014,11,West Ham,38,12,11,15,44,47,"57,402,133","4,721,779,999,999,990"
EPL,2014,12,Everton,38,12,11,15,48,50,"46,182,073","5,091,050,000,000,000"
EPL,2014,13,West Bromwich Albion,38,11,11,16,38,51,"53,748,535,999,999,900","44,735,899,999,999,900"
EPL,2014,14,Leicester,38,11,8,19,46,55,"56,392,116",44.64
EPL,2014,15,Newcastle United,38,10,9,19,40,63,"51,014,275","4,563,050,000,000,000"
EPL,2014,16,Aston Villa,38,10,8,20,31,57,"49,706,256","408,917"
EPL,2014,17,Sunderland,38,7,17,14,31,53,"51,464,371","441,821"
EPL,2014,18,Hull,38,8,11,19,33,51,"4,699,295,699,999,990","413,213"
EPL,2014,19,Burnley,38,7,12,19,28,53,"5,788,885,599,999,990","39,795,899,999,999,900"
EPL,2014,20,Queens Park Rangers,38,8,6,24,42,73,"65,262,558","402,773"
EPL,2015,1,Leicester,38,23,12,3,68,36,"45,019,954,000,000,000","689,442"
EPL,2015,2,Arsenal,38,20,11,7,65,36,"338,574,794","7,700,869,999,999,990"
EPL,2015,3,Tottenham,38,19,13,6,69,35,"3,708,092,899,999,990","6,941,420,000,000,000"
EPL,2015,4,Manchester United,38,19,9,10,49,35,"39,655,822,000,000,000","564,429"
EPL,2015,5,Manchester City,38,19,9,10,71,41,"37,469,231","7,013,600,000,000,000"
EPL,2015,6,Southampton,38,18,9,11,59,41,"4,429,160,900,000,000","61,076,299,999,999,900"
EPL,2015,7,West Ham,38,16,14,8,65,51,"5,547,865,699,999,990","498,002"
EPL,2015,8,Liverpool,38,16,12,10,63,50,"378,828,599","6,329,060,000,000,000"
EPL,2015,9,Stoke,38,14,9,15,41,55,"5,434,991,700,000,000","4,830,089,999,999,990"
EPL,2015,10,Chelsea,38,12,14,12,59,53,"44,626,242","596,233"
EPL,2015,11,Swansea,38,12,11,15,42,52,"53,634,229,000,000,000","423,999"
EPL,2015,12,Everton,38,11,14,13,59,55,"5,474,880,399,999,990","5,269,149,999,999,990"
EPL,2015,13,Watford,38,12,9,17,40,50,"51,851,501","482,545"
EPL,2015,14,West Bromwich Albion,38,10,13,15,34,48,"5,193,684,600,000,000","423,035"
EPL,2015,15,Crystal Palace,38,11,9,18,39,51,"5,293,888,400,000,000","448,943"
EPL,2015,16,Bournemouth,38,11,9,18,45,67,"5,396,870,899,999,990","4,377,229,999,999,990"
EPL,2015,17,Sunderland,38,9,12,17,48,62,"5,885,022,230,000,000","405,241"
EPL,2015,18,Newcastle United,38,9,10,19,44,65,"554,230,604","402,114"
EPL,2015,19,Norwich,38,9,7,22,39,67,"58,930,606,999,999,900","39,177,699,999,999,900"
EPL,2015,20,Aston Villa,38,3,8,27,27,76,"59,009,572,999,999,900","29,814"
EPL,2016,1,Chelsea,38,30,3,5,85,33,"28,618,919,399,999,900","75,737"
EPL,2016,2,Tottenham,38,26,8,4,86,26,"337,819,329","7,537,169,999,999,990"
EPL,2016,3,Manchester City,38,23,9,6,80,39,"29,607,516","8,541,309,999,999,990"
EPL,2016,4,Liverpool,38,22,10,6,78,42,"376,523,285","698,308"
EPL,2016,5,Arsenal,38,23,6,9,77,44,"47,071,276,999,999,900","621,195"
EPL,2016,6,Manchester United,38,18,15,5,54,29,"31,623,915","7,089,420,000,000,000"
EPL,2016,7,Everton,38,17,10,11,62,44,"4,578,298,399,999,990","55,777,100,000,000,000"
EPL,2016,8,Bournemouth,38,12,10,16,55,67,"62,992,386,999,999,900","43,174,200,000,000,000"
EPL,2016,9,Southampton,38,12,10,16,41,48,"4,308,468,100,000,000","55,685,100,000,000,000"
EPL,2016,10,West Ham,38,12,9,17,47,64,"5,967,157,099,999,990","460,425"
EPL,2016,11,West Bromwich Albion,38,12,9,17,43,51,"4,790,015,100,000,000","455,854"
EPL,2016,12,Stoke,38,11,11,16,41,56,"4,866,872,600,000,000","522,932"
EPL,2016,13,Leicester,38,12,8,18,48,63,"51,304,373,000,000,000","4,811,949,999,999,990"
EPL,2016,14,Crystal Palace,38,12,5,21,50,63,"50,031,654","484,526"
EPL,2016,15,Swansea,38,12,5,21,45,70,"65,129,661","3,649,079,999,999,990"
EPL,2016,16,Watford,38,11,7,20,40,68,"5,261,801,400,000,000","4,062,490,000,000,000"
EPL,2016,17,Burnley,38,11,7,20,39,55,"55,268,616,999,999,900","3,835,810,000,000,000"
EPL,2016,18,Hull,38,9,7,22,37,80,"7,177,442,400,000,000","307,344"
EPL,2016,19,Middlesbrough,38,5,13,20,27,53,"55,301,359,899,999,900","3,725,339,999,999,990"
EPL,2016,20,Sunderland,38,6,6,26,29,69,"6,566,352,800,000,000","322,426"
EPL,2017,1,Manchester City,38,32,4,2,106,27,"24,511,917,699,999,900","910,893"
EPL,2017,2,Manchester United,38,25,6,7,68,28,"43,540,152,000,000,000","62,330,700,000,000,000"
EPL,2017,3,Tottenham,38,23,8,7,74,36,"35,859,432,999,999,900","7,601,619,999,999,990"
EPL,2017,4,Liverpool,38,21,12,5,84,38,"35,751,620,700,000,000","7,938,480,000,000,000"
EPL,2017,5,Chelsea,38,21,7,10,62,38,"34,034,713,700,000,000","6,845,700,000,000,000"
EPL,2017,6,Arsenal,38,19,6,13,74,51,"48,745,316","6,589,910,000,000,000"
EPL,2017,7,Burnley,38,14,12,12,36,39,"52,156,891","4,100,169,999,999,990"
EPL,2017,8,Everton,38,13,10,15,44,58,"55,495,772","4,700,149,999,999,990"
EPL,2017,9,Leicester,38,12,11,15,56,60,"4,935,872,299,999,990","5,585,470,000,000,000"
EPL,2017,10,Crystal Palace,38,11,11,16,45,55,"5,353,526,900,000,000","5,803,449,999,999,990"
EPL,2017,11,Bournemouth,38,11,11,16,45,61,"6,493,248,999,999,990","376,404"
EPL,2017,12,Newcastle United,38,12,8,18,39,47,"52,472,364,000,000,000","4,623,800,000,000,000"
EPL,2017,13,West Ham,38,10,12,16,48,68,"5,836,886,899,999,990","392,592"
EPL,2017,14,Watford,38,11,8,19,44,64,"53,981,190,999,999,900","466,939"
EPL,2017,15,Brighton,38,9,13,16,34,54,"53,083,800,999,999,900","4,084,720,000,000,000"
EPL,2017,16,Huddersfield,38,9,10,19,28,58,"53,216,161","368,432"
EPL,2017,17,Southampton,38,7,15,16,37,56,"46,555,426,999,999,900","4,871,569,999,999,990"
EPL,2017,18,Stoke,38,7,12,19,35,68,"6,554,098,400,000,000","361,678"
EPL,2017,19,Swansea,38,8,9,21,28,56,"6,183,360,399,999,990","32,307,100,000,000,000"
EPL,2017,20,West Bromwich Albion,38,6,13,19,31,56,"48,993,914","429,637"
EPL,2018,1,Manchester City,38,32,2,4,95,23,"257,326,041","9,064,059,999,999,990"
EPL,2018,2,Liverpool,38,30,7,1,89,22,"29,145,105,000,000,000","8,345,409,999,999,990"
EPL,2018,3,Chelsea,38,21,9,8,63,39,"38,107,687,000,000,000","71,451"
EPL,2018,4,Tottenham,38,23,2,13,67,39,"49,146,068,000,000,000","6,143,999,999,999,990"
EPL,2018,5,Arsenal,38,21,7,10,73,51,"572,974,875","589,713"
EPL,2018,6,Manchester United,38,19,9,10,65,54,"5,230,019,000,000,000","6,185,960,000,000,000"
EPL,2018,7,Wolverhampton Wanderers,38,16,9,13,47,46,"42,691,294","599,145"
EPL,2018,8,Everton,38,15,9,14,54,46,"4,930,978,990,000,000","55,537,800,000,000,000"
EPL,2018,9,West Ham,38,15,7,16,52,55,"6,566,202,299,999,990","437,194"
EPL,2018,10,Leicester,38,15,7,16,51,48,"44,642,585","5,623,779,999,999,990"
EPL,2018,11,Watford,38,14,8,16,52,59,"63,291,170,999,999,900","4,600,149,999,999,990"
EPL,2018,12,Crystal Palace,38,14,7,17,51,53,"52,804,285","5,192,549,999,999,990"
EPL,2018,13,Newcastle United,38,12,9,17,42,48,"57,545,492","392,231"
EPL,2018,14,Bournemouth,38,13,6,19,56,70,"62,423,162","514,947"
EPL,2018,15,Burnley,38,11,7,20,45,68,"6,612,206,499,999,990","41,998,200,000,000,000"
EPL,2018,16,Southampton,38,9,12,17,45,65,"5,927,171,400,000,000","4,510,750,000,000,000"
EPL,2018,17,Brighton,38,9,9,20,35,60,"62,462,145","36,186"
EPL,2018,18,Cardiff,38,10,4,24,34,69,"66,503,167","3,744,920,000,000,000"
EPL,2018,19,Fulham,38,7,5,26,34,81,"7,358,661,000,000,000","336,044"
EPL,2018,20,Huddersfield,38,3,7,28,22,76,"67,194,016","29,610,599,999,999,900"
EPL,2019,1,Liverpool,38,32,3,3,85,33,"395,728,982","7,427,839,999,999,990"
EPL,2019,2,Manchester City,38,26,3,9,102,35,"3,699,762,900,000,000","8,675,639,999,999,990"
EPL,2019,3,Manchester United,38,18,12,8,66,36,"3,805,916,400,000,000","7,099,169,999,999,990"
EPL,2019,4,Chelsea,38,20,6,12,69,54,"410,882,999","734,872"
EPL,2019,5,Leicester,38,18,8,12,67,41,"47,894,042,999,999,900","611,553"
EPL,2019,6,Tottenham,38,16,11,11,61,47,"5,412,711,099,999,990","49,264,600,000,000,000"
EPL,2019,7,Wolverhampton Wanderers,38,15,14,9,51,40,"3,738,927,390,000,000","6,382,129,999,999,990"
EPL,2019,8,Arsenal,38,14,14,10,56,48,"5,725,226,600,000,000","5,014,710,000,000,000"
EPL,2019,9,Burnley,38,15,9,14,43,50,"53,839,223","495,405"
EPL,2019,10,Sheffield United,38,14,12,12,39,39,"52,042,456,999,999,900","493,411"
EPL,2019,11,Southampton,38,15,7,16,51,60,"56,592,573","568,654"
EPL,2019,12,Everton,38,13,10,15,44,56,"49,211,622,000,000,000","557,761"
EPL,2019,13,Newcastle United,38,11,11,16,38,58,"6,702,935,099,999,990","31,917,299,999,999,900"
EPL,2019,14,Crystal Palace,38,11,10,17,31,50,"57,392,236,999,999,900","38,263,000,000,000,000"
EPL,2019,15,Brighton,38,9,14,15,39,54,"6,041,584,899,999,990","4,802,409,999,999,990"
EPL,2019,16,West Ham,38,10,9,19,49,62,"68,323,322","38,747,400,000,000,000"
EPL,2019,17,Aston Villa,38,9,8,21,41,67,"71,595,382","3,722,690,000,000,000"
EPL,2019,18,Watford,38,8,10,20,36,64,"59,528,113,000,000,000","4,787,369,999,999,990"
EPL,2019,19,Bournemouth,38,9,7,22,40,65,"6,329,434,499,999,990","39,197,900,000,000,000"
EPL,2019,20,Norwich,38,5,6,27,26,75,"7,160,755,700,000,000","3,312,230,000,000,000"
Bundesliga,2014,1,Bayern Munich,34,25,4,5,80,18,"21,938,728,599,999,900","7,361,159,999,999,990"
Bundesliga,2014,2,Wolfsburg,34,20,9,5,72,38,"38,822,021,000,000,000","59,950,900,000,000,000"
Bundesliga,2014,3,Borussia M.Gladbach,34,19,9,6,53,26,"36,343,299","5,700,779,999,999,990"
Bundesliga,2014,4,Bayer Leverkusen,34,17,10,7,62,37,"34,720,386,000,000,000","5,533,959,999,999,990"
Bundesliga,2014,5,Augsburg,34,15,4,15,43,43,"46,659,608","45,495,999,999,999,900"
Bundesliga,2014,6,Schalke 04,34,13,9,12,42,40,"46,961,703","450,723"
Bundesliga,2014,7,Borussia Dortmund,34,13,7,14,47,42,"333,963,487","580,847"
Bundesliga,2014,8,Hoffenheim,34,12,8,14,49,55,"4,999,786,199,999,990","4,603,119,999,999,990"
Bundesliga,2014,9,Werder Bremen,34,11,10,13,50,65,"523,792,689","39,377,399,999,999,900"
Bundesliga,2014,10,Eintracht Frankfurt,34,11,10,13,56,62,"55,039,228","41,715"
Bundesliga,2014,11,FC Cologne,34,9,13,12,34,40,"40,519,773,999,999,900","418,221"
Bundesliga,2014,12,Mainz 05,34,9,13,12,45,47,"48,108,979,999,999,900","44,928"
Bundesliga,2014,13,Hannover 96,34,9,10,15,40,56,"46,284,096","41,250,499,999,999,900"
Bundesliga,2014,14,VfB Stuttgart,34,9,9,16,42,60,"4,809,999,220,000,000","44,259,299,999,999,900"
Bundesliga,2014,15,Hamburger SV,34,9,8,17,25,50,"55,829,406,999,999,900","335,677"
Bundesliga,2014,16,Hertha Berlin,34,9,8,17,36,52,"46,198,192,500,000,000","3,610,520,000,000,000"
Bundesliga,2014,17,Freiburg,34,7,13,14,36,47,"4,591,067,699,999,990","4,302,140,000,000,000"
Bundesliga,2014,18,Paderborn,34,7,10,17,31,65,"55,770,419,999,999,900","36,162,499,999,999,900"
Bundesliga,2015,1,Bayern Munich,34,28,4,2,80,17,"20,794,377,400,000,000","7,796,849,999,999,990"
Bundesliga,2015,2,Borussia Dortmund,34,24,6,4,82,34,"29,177,493,100,000,000","765,776"
Bundesliga,2015,3,Bayer Leverkusen,34,18,6,10,56,40,"41,235,820,600,000,000","566,645"
Bundesliga,2015,4,Borussia M.Gladbach,34,17,4,13,67,50,"49,069,220,800,000,000","500,596"
Bundesliga,2015,5,Schalke 04,34,15,7,12,51,49,"4,788,331,989,999,990","45,624,199,999,999,900"
Bundesliga,2015,6,Mainz 05,34,14,8,12,46,42,"47,268,916,000,000,000","46,666,100,000,000,000"
Bundesliga,2015,7,Hertha Berlin,34,14,8,12,42,42,"4,394,092,599,999,990","4,415,979,999,999,990"
Bundesliga,2015,8,Wolfsburg,34,12,9,13,47,49,"41,618,975","5,238,249,999,999,990"
Bundesliga,2015,9,FC Cologne,34,10,13,11,38,42,"4,442,884,599,999,990","4,662,730,000,000,000"
Bundesliga,2015,10,Hamburger SV,34,11,8,15,40,46,"51,185,749","386,157"
Bundesliga,2015,11,Ingolstadt,34,10,10,14,33,42,"45,819,034","4,292,919,999,999,990"
Bundesliga,2015,12,Darmstadt,34,9,11,14,38,53,"51,061,428,000,000,000","3,947,309,999,999,990"
Bundesliga,2015,13,Werder Bremen,34,10,8,16,50,65,"51,800,028,000,000,000","47,763,099,999,999,900"
Bundesliga,2015,14,Augsburg,34,9,11,14,42,52,"55,653,332,999,999,900","4,117,680,000,000,000"
Bundesliga,2015,15,Hoffenheim,34,9,10,15,39,54,"6,040,555,600,000,000","36,166,599,999,999,900"
Bundesliga,2015,16,Eintracht Frankfurt,34,9,9,16,34,52,"5,431,038,599,999,990","335,309"
Bundesliga,2015,17,VfB Stuttgart,34,9,6,19,50,75,"65,055,421","454,759"
Bundesliga,2015,18,Hannover 96,34,7,4,23,31,62,"6,357,609,000,000,000","26,462,699,999,999,900"
Bundesliga,2016,1,Bayern Munich,34,25,7,2,89,22,"27,042,340,999,999,900","7,376,219,999,999,990"
Bundesliga,2016,2,RasenBallsport Leipzig,34,20,7,7,66,39,"40,063,821,999,999,900","59,536,999,999,999,900"
Bundesliga,2016,3,Borussia Dortmund,34,18,10,6,72,40,"3,460,547,830,000,000","6,805,699,999,999,990"
Bundesliga,2016,4,Hoffenheim,34,16,14,4,64,37,"41,442,142","5,544,290,000,000,000"
Bundesliga,2016,5,Hertha Berlin,34,15,4,15,43,47,"4,938,726,700,000,000","4,040,470,000,000,000"
Bundesliga,2016,6,FC Cologne,34,12,13,9,51,42,"41,274,053","4,875,380,000,000,000"
Bundesliga,2016,7,Freiburg,34,14,6,14,42,60,"54,620,834","39,138,100,000,000,000"
Bundesliga,2016,8,Werder Bremen,34,13,6,15,61,64,"60,546,285,000,000,000","3,882,170,000,000,000"
Bundesliga,2016,9,Borussia M.Gladbach,34,12,9,13,45,49,"4,443,866,599,999,990","473,139"
Bundesliga,2016,10,Schalke 04,34,11,10,13,45,40,"43,870,802,999,999,900","4,636,529,999,999,990"
Bundesliga,2016,11,Eintracht Frankfurt,34,11,9,14,36,43,"38,332,900,000,000,000","506,843"
Bundesliga,2016,12,Bayer Leverkusen,34,11,8,15,53,55,"50,380,264,000,000,000","496,337"
Bundesliga,2016,13,Augsburg,34,9,11,14,35,51,"52,261,885","3,480,509,999,999,990"
Bundesliga,2016,14,Hamburger SV,34,10,8,16,33,61,"57,140,190,999,999,900","31,510,199,999,999,900"
Bundesliga,2016,15,Mainz 05,34,10,7,17,44,55,"43,231,438","46,474,799,999,999,900"
Bundesliga,2016,16,Wolfsburg,34,10,7,17,34,52,"4,685,182,900,000,000","46,379"
Bundesliga,2016,17,Ingolstadt,34,8,8,18,36,57,"49,189,039","42,537,000,000,000,000"
Bundesliga,2016,18,Darmstadt,34,7,4,23,28,63,"68,041,058","26,471,899,999,999,900"
Bundesliga,2017,1,Bayern Munich,34,27,3,4,92,28,"3,063,783,501","7,351,970,000,000,000"
Bundesliga,2017,2,Schalke 04,34,18,9,7,53,37,"394,193,487","5,169,470,000,000,000"
Bundesliga,2017,3,Bayer Leverkusen,34,15,10,9,58,44,"36,921,523","61,538,499,999,999,900"
Bundesliga,2017,4,Hoffenheim,34,15,10,9,66,48,"45,195,158","4,985,540,000,000,000"
Bundesliga,2017,5,Borussia Dortmund,34,15,10,9,64,47,"40,855,982","6,315,569,999,999,990"
Bundesliga,2017,6,RasenBallsport Leipzig,34,15,8,11,57,53,"47,422,263","484,744"
Bundesliga,2017,7,VfB Stuttgart,34,15,6,13,36,36,"3,935,057,299,999,990","46,668,299,999,999,900"
Bundesliga,2017,8,Eintracht Frankfurt,34,14,7,13,45,45,"4,090,861,200,000,000","4,719,269,999,999,990"
Bundesliga,2017,9,Borussia M.Gladbach,34,13,8,13,47,52,"5,208,875,200,000,000","48,930,399,999,999,900"
Bundesliga,2017,10,Hertha Berlin,34,10,13,11,43,46,"44,714,014,999,999,900","418,905"
Bundesliga,2017,11,Werder Bremen,34,10,12,12,37,40,"43,465,298","42,695,899,999,999,900"
Bundesliga,2017,12,Augsburg,34,10,11,13,43,46,"4,081,558","4,589,750,000,000,000"
Bundesliga,2017,13,Hannover 96,34,10,9,15,44,54,"5,436,270,800,000,000","3,958,369,999,999,990"
Bundesliga,2017,14,Mainz 05,34,9,9,16,38,52,"4,517,964,200,000,000","379,186"
Bundesliga,2017,15,Freiburg,34,8,12,14,32,56,"45,660,265","40,820,299,999,999,900"
Bundesliga,2017,16,Wolfsburg,34,6,15,13,36,48,"49,430,158,999,999,900","347,997"
Bundesliga,2017,17,Hamburger SV,34,8,7,19,29,53,"5,405,785,129,999,990","38,586,299,999,999,900"
Bundesliga,2017,18,FC Cologne,34,5,7,22,35,70,"6,716,922,300,000,000","3,218,299,999,999,990"
Bundesliga,2018,1,Bayern Munich,34,24,6,4,88,32,"274,123,437","8,200,300,000,000,000"
Bundesliga,2018,2,Borussia Dortmund,34,23,7,4,81,44,"42,875,457","62,854,000,000,000,000"
Bundesliga,2018,3,RasenBallsport Leipzig,34,19,9,6,63,29,"39,653,422,000,000,000","63,056,700,000,000,000"
Bundesliga,2018,4,Bayer Leverkusen,34,18,4,12,69,52,"4,571,042,799,999,990","57,401,999,999,999,900"
Bundesliga,2018,5,Borussia M.Gladbach,34,16,7,11,55,42,"5,286,834,499,999,990","513,782"
Bundesliga,2018,6,Wolfsburg,34,16,7,11,62,50,"49,835,679,000,000,000","4,703,530,000,000,000"
Bundesliga,2018,7,Eintracht Frankfurt,34,15,9,10,60,48,"51,017,874","5,437,570,000,000,000"
Bundesliga,2018,8,Werder Bremen,34,14,11,9,58,49,"5,670,904","4,436,279,999,999,990"
Bundesliga,2018,9,Hoffenheim,34,13,12,9,70,52,"53,288,005","6,295,599,999,999,990"
Bundesliga,2018,10,Fortuna Duesseldorf,34,13,5,16,49,65,"63,063,520,000,000,000","392,058"
Bundesliga,2018,11,Hertha Berlin,34,11,10,13,49,57,"6,158,314,800,000,000","419,502"
Bundesliga,2018,12,Mainz 05,34,12,7,15,46,57,"6,280,341,099,999,990","393,397"
Bundesliga,2018,13,Freiburg,34,8,12,14,46,61,"61,429,391,999,999,900","356,689"
Bundesliga,2018,14,Schalke 04,34,8,9,17,37,55,"5,193,916,300,000,000","4,415,759,999,999,990"
Bundesliga,2018,15,Augsburg,34,8,8,18,51,71,"6,379,156,999,999,990","370,815"
Bundesliga,2018,16,VfB Stuttgart,34,7,7,20,32,70,"6,269,824,799,999,990","319,873"
Bundesliga,2018,17,Hannover 96,34,5,6,23,31,71,"7,312,036,599,999,990","25,205,499,999,999,900"
Bundesliga,2018,18,Nuernberg,34,3,10,21,26,68,"54,801,145,999,999,900","351,158"
Bundesliga,2019,1,Bayern Munich,34,26,4,4,100,32,"36,471,658","7,732,570,000,000,000"
Bundesliga,2019,2,Borussia Dortmund,34,21,6,7,84,41,"4,202,471,419,999,990","6,248,270,000,000,000"
Bundesliga,2019,3,RasenBallsport Leipzig,34,18,12,4,81,37,"37,584,974","6,870,670,000,000,000"
Bundesliga,2019,4,Borussia M.Gladbach,34,20,5,9,66,40,"4,605,345,600,000,000","6,263,149,999,999,990"
Bundesliga,2019,5,Bayer Leverkusen,34,19,6,9,61,44,"49,678,883","54,617,799,999,999,900"
Bundesliga,2019,6,Hoffenheim,34,15,7,12,53,53,"5,875,115,999,999,990","4,587,489,999,999,990"
Bundesliga,2019,7,Wolfsburg,34,13,10,11,48,46,"4,190,652,999,999,990","556,943"
Bundesliga,2019,8,Freiburg,34,13,9,12,48,47,"6,337,073,699,999,990","391,515"
Bundesliga,2019,9,Eintracht Frankfurt,34,13,6,15,59,60,"50,926,053","5,272,250,000,000,000"
Bundesliga,2019,10,Hertha Berlin,34,11,8,15,48,59,"55,577,931,999,999,900","395,544"
Bundesliga,2019,11,Union Berlin,34,12,5,17,41,58,"54,941,872","3,932,470,000,000,000"
Bundesliga,2019,12,Schalke 04,34,9,12,13,38,58,"5,422,276","358,382"
Bundesliga,2019,13,Mainz 05,34,11,4,19,44,65,"62,898,023,999,999,900",39.15
Bundesliga,2019,14,Augsburg,34,9,9,16,45,63,"5,911,934,200,000,000","397,766"
Bundesliga,2019,15,FC Cologne,34,10,6,18,51,69,"5,454,433,400,000,000","4,389,029,999,999,990"
Bundesliga,2019,16,Werder Bremen,34,8,7,19,42,69,"56,939,854,000,000,000","3,511,849,999,999,990"
Bundesliga,2019,17,Fortuna Duesseldorf,34,6,12,16,36,67,"64,448,134","328,686"
Bundesliga,2019,18,Paderborn,34,4,8,22,37,74,"6,783,386,800,000,000","28,671,100,000,000,000"
Serie_A,2014,1,Juventus,38,26,9,3,72,24,"291,296,338","7,478,899,999,999,990"
Serie_A,2014,2,Roma,38,19,13,6,54,31,"36,787,302,999,999,900","62,164,100,000,000,000"
Serie_A,2014,3,Lazio,38,21,6,11,71,38,"35,871,453,200,000,000","6,779,050,000,000,000"
Serie_A,2014,4,Fiorentina,38,18,10,10,61,46,"48,502,489,000,000,000","6,111,280,000,000,000"
Serie_A,2014,5,Napoli,38,18,9,11,70,54,"3,437,350,100,000,000","707,221"
Serie_A,2014,6,Genoa,38,16,11,11,62,47,"60,371,689,999,999,900","50,553,500,000,000,000"
Serie_A,2014,7,Sampdoria,38,13,17,8,48,42,"4,837,017,300,000,000","52,846,499,999,999,900"
Serie_A,2014,8,Inter,38,14,13,11,59,48,"44,321,354","6,079,549,999,999,990"
Serie_A,2014,9,Torino,38,14,12,12,48,45,"42,689,975","569,478"
Serie_A,2014,10,AC Milan,38,13,13,12,56,50,"5,399,087,000,000,000","48,331,700,000,000,000"
Serie_A,2014,11,Palermo,38,12,13,13,53,55,"440,141,317","586,772"
Serie_A,2014,12,Sassuolo,38,12,13,13,49,57,"55,185,098","44,097,300,000,000,000"
Serie_A,2014,13,Verona,38,11,13,14,49,65,"63,409,394,000,000,000","41,973,499,999,999,900"
Serie_A,2014,14,Chievo,38,10,13,15,28,41,"48,985,331","414,148"
Serie_A,2014,15,Empoli,38,8,18,12,46,52,"43,422,374,000,000,000","5,694,010,000,000,000"
Serie_A,2014,16,Udinese,38,10,11,17,43,56,"54,753,850,999,999,900","374,596"
Serie_A,2014,17,Atalanta,38,7,16,15,38,57,"59,400,306","39,263,200,000,000,000"
Serie_A,2014,18,Cagliari,38,8,10,20,48,68,"54,166,985,000,000,000","53,049,499,999,999,900"
Serie_A,2014,19,Parma,38,6,8,24,33,75,"6,073,810,499,999,990","31,518,400,000,000,000"
Serie_A,2014,20,Cesena,38,4,12,22,36,73,"63,079,550,999,999,900","347,524"
Serie_A,2015,1,Juventus,38,29,4,5,75,20,"22,998,835","7,874,340,000,000,000"
Serie_A,2015,2,Napoli,38,25,7,6,80,32,"266,858,098","7,906,689,999,999,990"
Serie_A,2015,3,Roma,38,23,11,4,83,41,"39,793,530,999,999,900","6,985,099,999,999,990"
Serie_A,2015,4,Inter,38,20,7,11,50,38,"4,425,022,530,000,000","5,884,150,000,000,000"
Serie_A,2015,5,Fiorentina,38,18,10,10,60,42,"3,621,722,189,999,990","6,330,559,999,999,990"
Serie_A,2015,6,Sassuolo,38,16,13,9,49,40,"42,931,726","53,615,000,000,000,000"
Serie_A,2015,7,AC Milan,38,15,12,11,49,43,"40,909,082,999,999,900","602,906"
Serie_A,2015,8,Lazio,38,15,9,14,52,52,"4,357,519,199,999,990","59,993,200,000,000,000"
Serie_A,2015,9,Chievo,38,13,11,14,43,45,"51,087,573","4,590,559,999,999,990"
Serie_A,2015,10,Genoa,38,13,7,18,45,48,"4,862,991,399,999,990","48,634,400,000,000,000"
Serie_A,2015,11,Empoli,38,12,10,16,40,49,"4,751,194,999,999,990","4,440,950,000,000,000"
Serie_A,2015,12,Atalanta,38,11,12,15,41,47,"51,409,722","494,234"
Serie_A,2015,13,Torino,38,12,9,17,52,55,"4,129,218,000,000,000","57,516,400,000,000,000"
Serie_A,2015,14,Bologna,38,11,9,18,33,45,"5,184,152,299,999,990","4,153,510,000,000,000"
Serie_A,2015,15,Sampdoria,38,10,10,18,48,61,"66,193,223","3,656,250,000,000,000"
Serie_A,2015,16,Palermo,38,10,9,19,38,65,"61,843,031","3,526,270,000,000,000"
Serie_A,2015,17,Udinese,38,10,9,19,35,60,"51,423,824,999,999,900","4,872,689,999,999,990"
Serie_A,2015,18,Carpi,38,9,11,18,37,57,"5,179,659,499,999,990","451,928"
Serie_A,2015,19,Frosinone,38,8,7,23,35,76,"7,423,394,400,000,000","293,813"
Serie_A,2015,20,Verona,38,5,13,20,34,63,"61,707,982","38,871,900,000,000,000"
Serie_A,2016,1,Juventus,38,29,4,5,77,27,"235,971,261","8,286,330,000,000,000"
Serie_A,2016,2,Roma,38,28,3,7,90,38,"41,075,720,000,000,000","7,739,059,999,999,990"
Serie_A,2016,3,Napoli,38,26,8,4,94,39,"32,160,714,999,999,900","812,775"
Serie_A,2016,4,Atalanta,38,21,9,8,62,41,"3,434,998,199,999,990","689,221"
Serie_A,2016,5,Lazio,38,21,7,10,74,51,"41,766,694","6,736,349,999,999,990"
Serie_A,2016,6,AC Milan,38,18,9,11,57,45,"50,206,751,999,999,900","5,887,670,000,000,000"
Serie_A,2016,7,Inter,38,19,5,14,72,49,"44,775,496,999,999,900","6,765,110,000,000,000"
Serie_A,2016,8,Fiorentina,38,16,12,10,63,57,"5,330,412,899,999,990","55,614,700,000,000,000"
Serie_A,2016,9,Torino,38,13,14,11,71,66,"6,171,546,100,000,000","4,875,099,999,999,990"
Serie_A,2016,10,Sassuolo,38,14,7,17,60,61,"61,904,520,999,999,900","445,622"
Serie_A,2016,11,Sampdoria,38,12,12,14,49,55,"56,856,517,000,000,000","4,661,999,999,999,990"
Serie_A,2016,12,Cagliari,38,14,5,19,55,76,"6,831,559","361,688"
Serie_A,2016,13,Udinese,38,12,9,17,47,56,"54,661,025,999,999,900","47,222,500,000,000,000"
Serie_A,2016,14,Chievo,38,12,7,19,43,61,"5,500,594,400,000,000","458,835"
Serie_A,2016,15,Bologna,38,11,8,19,40,58,"5,830,282,830,000,000","38,573"
Serie_A,2016,16,Genoa,38,9,9,20,38,64,"5,124,922,130,000,000","48,996,500,000,000,000"
Serie_A,2016,17,Crotone,38,9,7,22,34,58,"61,229,476","33,941,599,999,999,900"
Serie_A,2016,18,Empoli,38,8,8,22,29,61,"67,014,983","33,290,000,000,000,000"
Serie_A,2016,19,Palermo,38,6,8,24,33,77,"6,094,130,400,000,000","30,522,299,999,999,900"
Serie_A,2016,20,Pescara,38,2,9,27,35,83,"6,840,931,699,999,990","380,475"
Serie_A,2017,1,Juventus,38,30,5,3,86,24,"28,577,357,299,999,900","735,058"
Serie_A,2017,2,Napoli,38,28,7,3,77,29,"25,266,162,899,999,900","8,223,240,000,000,000"
Serie_A,2017,3,Roma,38,23,8,7,61,28,"3,846,324,600,000,000","692,438"
Serie_A,2017,4,Inter,38,20,12,6,66,30,"37,332,308,999,999,900","6,525,389,999,999,990"
Serie_A,2017,5,Lazio,38,21,9,8,89,49,"42,568,794,999,999,900","660,488"
Serie_A,2017,6,AC Milan,38,18,10,10,56,42,"36,778,873,000,000,000","6,234,580,000,000,000"
Serie_A,2017,7,Atalanta,38,16,12,10,57,39,"36,504,537","69,876"
Serie_A,2017,8,Fiorentina,38,16,9,13,54,46,"421,494,403","6,040,779,999,999,990"
Serie_A,2017,9,Sampdoria,38,16,6,16,56,60,"6,225,928,599,999,990","46,866,600,000,000,000"
Serie_A,2017,10,Torino,38,13,15,10,54,46,"491,131,487","5,184,270,000,000,000"
Serie_A,2017,11,Sassuolo,38,11,10,17,29,59,"50,633,577,900,000,000","5,169,940,000,000,000"
Serie_A,2017,12,Genoa,38,11,8,19,33,43,"4,287,156,100,000,000","503,793"
Serie_A,2017,13,Udinese,38,12,4,22,48,63,"50,712,865","4,734,499,999,999,990"
Serie_A,2017,14,Chievo,38,10,10,18,36,59,"55,280,885","38,663,800,000,000,000"
Serie_A,2017,15,Bologna,38,11,6,21,40,52,"48,798,334","43,008,500,000,000,000"
Serie_A,2017,16,Cagliari,38,11,6,21,33,61,"57,912,604","40,405,899,999,999,900"
Serie_A,2017,17,SPAL 2013,38,8,14,16,39,59,"6,017,533,100,000,000","3,540,950,000,000,000"
Serie_A,2017,18,Crotone,38,9,8,21,40,66,"5,943,262","35,435"
Serie_A,2017,19,Verona,38,7,4,27,30,78,"7,270,962","310,631"
Serie_A,2017,20,Benevento,38,6,3,29,33,84,"77,314,788","30,091,800,000,000,000"
Serie_A,2018,1,Juventus,38,28,6,4,70,30,"35,032,053,100,000,000","7,092,990,000,000,000"
Serie_A,2018,2,Napoli,38,24,7,7,74,36,"3,650,233,649,999,990","744,511"
Serie_A,2018,3,Atalanta,38,20,9,9,77,46,"41,849,467,999,999,900","7,188,260,000,000,000"
Serie_A,2018,4,Inter,38,20,9,9,57,33,"38,401,341","7,174,619,999,999,990"
Serie_A,2018,5,AC Milan,38,19,11,8,55,36,"4,170,170,099,999,990","601,064"
Serie_A,2018,6,Roma,38,18,12,8,66,48,"52,793,821,000,000,000","621,298"
Serie_A,2018,7,Torino,38,16,15,7,52,37,"4,894,320,499,999,990","49,838,100,000,000,000"
Serie_A,2018,8,Lazio,38,17,8,13,56,46,"46,445,482,000,000,000","610,383"
Serie_A,2018,9,Sampdoria,38,15,8,15,60,51,"5,427,488,199,999,990","50,948,200,000,000,000"
Serie_A,2018,10,Bologna,38,11,11,16,48,56,"5,105,562,200,000,000","48,953,500,000,000,000"
Serie_A,2018,11,Sassuolo,38,9,16,13,53,60,"61,107,331,000,000,000","4,563,980,000,000,000"
Serie_A,2018,12,Udinese,38,11,10,17,39,53,"6,223,432,600,000,000","3,866,579,999,999,990"
Serie_A,2018,13,SPAL 2013,38,11,9,18,44,56,"54,011,207,999,999,900","44,734"
Serie_A,2018,14,Fiorentina,38,8,17,13,47,45,"440,784,088","5,921,800,000,000,000"
Serie_A,2018,15,Cagliari,38,10,11,17,36,54,"6,374,084","393,664"
Serie_A,2018,16,Parma Calcio 1913,38,10,11,17,41,61,"6,498,114,400,000,000","367,845"
Serie_A,2018,17,Genoa,38,8,14,16,39,57,"56,354,305","4,468,179,999,999,990"
Serie_A,2018,18,Empoli,38,10,8,20,51,70,"6,332,737,999,999,990","465,398"
Serie_A,2018,19,Frosinone,38,5,10,23,29,69,"645,936,685","359,425"
Serie_A,2018,20,Chievo,38,2,14,22,25,75,"62,692,868,000,000,000","3,500,010,000,000,000"
Serie_A,2019,1,Juventus,38,26,5,7,76,43,"40,996,703","7,123,939,999,999,990"
Serie_A,2019,2,Inter,38,24,10,4,81,36,"39,357,559","753,771"
Serie_A,2019,3,Lazio,38,24,6,8,79,42,"52,333,138,999,999,900","6,218,300,000,000,000"
Serie_A,2019,4,Atalanta,38,23,9,6,98,48,"41,726,789,999,999,900","7,601,250,000,000,000"
Serie_A,2019,5,Roma,38,21,7,10,77,51,"4,915,022,600,000,000","7,026,170,000,000,000"
Serie_A,2019,6,AC Milan,38,19,9,10,63,46,"46,415,707","6,546,650,000,000,000"
Serie_A,2019,7,Napoli,38,18,8,12,61,50,"43,173,080,000,000,000","664,911"
Serie_A,2019,8,Sassuolo,37,14,9,14,69,62,"62,920,497","4,559,870,000,000,000"
Serie_A,2019,9,Verona,37,12,13,12,47,48,"53,057,307,999,999,900","4,889,919,999,999,990"
Serie_A,2019,10,Fiorentina,37,11,13,13,48,47,"49,434,717","5,256,909,999,999,990"
Serie_A,2019,11,Bologna,37,12,10,15,51,64,"53,411,872","51,703,499,999,999,900"
Serie_A,2019,12,Parma Calcio 1913,37,13,7,17,52,54,"6,149,342,199,999,990","39,873,900,000,000,000"
Serie_A,2019,13,Cagliari,38,11,12,15,52,56,"6,098,321,400,000,000","40,053,999,999,999,900"
Serie_A,2019,14,Sampdoria,38,12,6,20,48,65,"56,214,360,000,000,000","4,971,189,999,999,990"
Serie_A,2019,15,Udinese,37,11,9,17,36,51,"5,154,266,199,999,990","4,708,540,000,000,000"
Serie_A,2019,16,Torino,37,11,6,20,45,67,"62,155,567,999,999,900","3,758,289,999,999,990"
Serie_A,2019,17,Genoa,37,9,9,19,44,73,"58,527,121,900,000,000","448,129"
Serie_A,2019,18,Lecce,37,9,8,20,49,81,"88,432,186","340,802"
Serie_A,2019,19,Brescia,38,6,7,25,35,79,"7,838,189,999,999,990","3,313,569,999,999,990"
Serie_A,2019,20,SPAL 2013,37,5,5,27,26,74,"69,721,329","3,003,760,000,000,000"
Ligue_1,2014,1,Paris Saint Germain,38,24,11,3,83,36,"28,240,364,100,000,000","8,410,419,999,999,990"
Ligue_1,2014,2,Lyon,38,22,9,7,72,33,"41,708,588","656,192"
Ligue_1,2014,3,Monaco,38,20,11,7,51,26,"3,761,875,170,000,000","648,054"
Ligue_1,2014,4,Marseille,38,21,6,11,76,42,"36,406,816,099,999,900","6,651,440,000,000,000"
Ligue_1,2014,5,Saint-Etienne,38,19,12,7,51,30,"38,244,494","5,869,820,000,000,000"
Ligue_1,2014,6,Bordeaux,38,17,12,9,47,44,"4,308,863","5,578,530,000,000,000"
Ligue_1,2014,7,Lille,38,16,8,14,43,42,"442,154,493","507,832"
Ligue_1,2014,8,Montpellier,38,16,8,14,46,39,"42,454,658","527,631"
Ligue_1,2014,9,Rennes,38,13,11,14,35,42,"3,892,486,399,999,990","495,838"
Ligue_1,2014,10,Guingamp,38,15,4,19,41,55,"45,120,083,000,000,000","474,785"
Ligue_1,2014,11,Nice,38,13,9,16,44,53,"4,800,381,000,000,000","504,905"
Ligue_1,2014,12,SC Bastia,38,12,11,15,37,46,"4,464,250,900,000,000","44,440,900,000,000,000"
Ligue_1,2014,13,Caen,38,12,10,16,54,55,"59,072,081,999,999,900","409,799"
Ligue_1,2014,14,Nantes,38,11,12,15,29,40,"3,962,447,050,000,000","491,315"
Ligue_1,2014,15,Reims,38,12,8,18,47,66,"58,568,456,000,000,000","43,040,899,999,999,900"
Ligue_1,2014,16,Lorient,38,12,7,19,44,50,"5,250,460,599,999,990","43,970,400,000,000,000"
Ligue_1,2014,17,Toulouse,38,12,6,20,43,64,"4,566,661,100,000,000","464,203"
Ligue_1,2014,18,Evian Thonon Gaillard,38,11,4,23,41,62,"5,461,410,900,000,000","3,824,299,999,999,990"
Ligue_1,2014,19,Metz,38,7,9,22,31,61,"48,691,990,000,000,000","4,298,909,999,999,990"
Ligue_1,2014,20,Lens,38,7,8,23,32,61,"55,323,721","423,589"
Ligue_1,2015,1,Paris Saint Germain,38,30,6,2,102,19,"24,365,491,600,000,000","9,027,479,999,999,990"
Ligue_1,2015,2,Lyon,38,19,8,11,67,43,"38,008,802","686,877"
Ligue_1,2015,3,Monaco,38,17,14,7,57,50,"4,881,241","593,899"
Ligue_1,2015,4,Nice,38,18,9,11,58,41,"47,707,871,999,999,900","5,199,029,999,999,990"
Ligue_1,2015,5,Lille,38,15,15,8,39,27,"3,579,477,759,999,990","5,597,310,000,000,000"
Ligue_1,2015,6,Saint-Etienne,38,17,7,14,42,37,"4,465,843,639,999,990","536,276"
Ligue_1,2015,7,Caen,38,16,6,16,39,52,"49,690,840,999,999,900","49,478,699,999,999,900"
Ligue_1,2015,8,Rennes,38,13,13,12,52,54,"47,022,605,000,000,000","496,253"
Ligue_1,2015,9,Angers,38,13,11,14,40,38,"41,019,194,000,000,000","4,615,190,000,000,000"
Ligue_1,2015,10,Bordeaux,38,12,14,12,50,57,"48,668,372,999,999,900","51,482,800,000,000,000"
Ligue_1,2015,11,SC Bastia,38,14,8,16,36,42,"48,357,946,999,999,900","378,255"
Ligue_1,2015,12,Montpellier,38,14,7,17,49,47,"44,332,013","52,078,199,999,999,900"
Ligue_1,2015,13,Nantes,38,12,12,14,33,44,"42,441,769,999,999,900","48,848,499,999,999,900"
Ligue_1,2015,14,Marseille,38,10,18,10,48,42,"42,667,823,999,999,900","554,681"
Ligue_1,2015,15,Lorient,38,11,13,14,47,58,"52,310,990,999,999,900","457,553"
Ligue_1,2015,16,Guingamp,38,11,11,16,47,56,"4,627,463,200,000,000","4,886,660,000,000,000"
Ligue_1,2015,17,Toulouse,38,9,13,16,45,55,"398,018,285","5,915,539,999,999,990"
Ligue_1,2015,18,Reims,38,10,9,19,44,57,"5,291,662,699,999,990","461,258"
Ligue_1,2015,19,GFC Ajaccio,38,8,13,17,37,58,"45,257,307,700,000,000","41,964,900,000,000,000"
Ligue_1,2015,20,Troyes,38,3,9,26,28,83,"73,283,328","28,851,900,000,000,000"
Ligue_1,2016,1,Monaco,38,30,5,3,107,31,"3,489,362,799,999,990","780,559"
Ligue_1,2016,2,Paris Saint Germain,38,27,6,5,83,27,"24,247,968","872,195"
Ligue_1,2016,3,Nice,38,22,12,4,63,36,"50,886,751,000,000,000","53,468,500,000,000,000"
Ligue_1,2016,4,Lyon,38,21,4,13,80,48,"41,027,933,000,000,000","690,714"
Ligue_1,2016,5,Marseille,38,17,11,10,57,41,"473,250,403","568,396"
Ligue_1,2016,6,Bordeaux,38,15,14,9,53,43,"44,113,432","58,155,100,000,000,000"
Ligue_1,2016,7,Nantes,38,14,9,15,40,54,"4,462,324,099,999,990","52,828,199,999,999,900"
Ligue_1,2016,8,Rennes,38,12,14,12,36,42,"4,353,614,600,000,000","50,943,599,999,999,900"
Ligue_1,2016,9,Saint-Etienne,38,12,14,12,41,42,"5,026,189,699,999,990","4,917,760,000,000,000"
Ligue_1,2016,10,Guingamp,38,14,8,16,46,53,"52,306,746,499,999,900","4,848,989,999,999,990"
Ligue_1,2016,11,Lille,38,13,7,18,40,47,"4,877,328,200,000,000","4,723,720,000,000,000"
Ligue_1,2016,12,Angers,38,13,7,18,40,49,"41,018,347,999,999,900","5,468,920,000,000,000"
Ligue_1,2016,13,Toulouse,38,10,14,14,37,41,"42,977,211,999,999,900","506,114"
Ligue_1,2016,14,Metz,38,11,10,17,39,72,"6,367,510,000,000,000","3,599,780,000,000,000"
Ligue_1,2016,15,Montpellier,38,10,9,19,48,66,"52,025,671","470,302"
Ligue_1,2016,16,Caen,38,10,7,21,36,65,"56,465,537","4,549,230,000,000,000"
Ligue_1,2016,17,Dijon,38,8,13,17,46,58,"6,266,109,299,999,990","3,672,990,000,000,000"
Ligue_1,2016,18,Lorient,38,10,6,22,44,70,"5,187,709,700,000,000","468,111"
Ligue_1,2016,19,Nancy,38,9,8,21,29,52,"54,448,139","3,944,689,999,999,990"
Ligue_1,2016,20,SC Bastia,38,8,10,20,29,57,"58,006,695,699,999,900","36,837,599,999,999,900"
Ligue_1,2017,1,Paris Saint Germain,38,29,6,3,108,29,"32,096,710,699,999,900","846,069"
Ligue_1,2017,2,Monaco,38,24,8,6,85,45,"45,271,219,299,999,900","651,451"
Ligue_1,2017,3,Lyon,38,23,9,6,87,43,"37,091,300,999,999,900","700,355"
Ligue_1,2017,4,Marseille,38,22,11,5,80,47,"41,169,419,999,999,900","7,722,269,999,999,990"
Ligue_1,2017,5,Rennes,38,16,10,12,50,44,"4,914,335,199,999,990","5,296,560,000,000,000"
Ligue_1,2017,6,Bordeaux,38,16,7,15,53,48,"41,377,483,000,000,000","589,994"
Ligue_1,2017,7,Saint-Etienne,38,15,10,13,47,50,"53,263,987","51,584"
Ligue_1,2017,8,Nice,38,15,9,14,53,52,"45,898,210,000,000,000","538,804"
Ligue_1,2017,9,Nantes,38,14,10,14,36,41,"36,259,069,999,999,900","5,595,160,000,000,000"
Ligue_1,2017,10,Montpellier,38,11,18,9,36,33,"37,928,823","5,293,799,999,999,990"
Ligue_1,2017,11,Dijon,38,13,9,16,55,73,"62,948,364,999,999,900","3,861,279,999,999,990"
Ligue_1,2017,12,Guingamp,38,12,11,15,48,59,"50,512,594","4,597,120,000,000,000"
Ligue_1,2017,13,Amiens,38,12,9,17,37,42,"51,698,389,999,999,900","389,401"
Ligue_1,2017,14,Angers,38,9,14,15,42,52,"4,519,339,869,999,990","5,238,930,000,000,000"
Ligue_1,2017,15,Lille,38,10,8,20,41,67,"59,365,085","352,558"
Ligue_1,2017,16,Caen,38,10,8,20,27,52,"47,825,896,799,999,900","48,043,400,000,000,000"
Ligue_1,2017,17,Strasbourg,38,9,11,18,44,67,"58,329,383","437,576"
Ligue_1,2017,18,Toulouse,38,9,10,19,38,54,"544,548,334","4,720,270,000,000,000"
Ligue_1,2017,19,Troyes,38,9,6,23,32,59,"52,471,608","4,354,580,000,000,000"
Ligue_1,2017,20,Metz,38,6,8,24,34,76,"7,193,435,900,000,000","3,147,950,000,000,000"
Ligue_1,2018,1,Paris Saint Germain,38,29,4,5,105,35,"367,824,048","860,429"
Ligue_1,2018,2,Lille,38,22,9,7,68,33,"3,984,752,999,999,990","670,171"
Ligue_1,2018,3,Lyon,38,21,9,8,70,47,"44,705,811,200,000,000","6,948,670,000,000,000"
Ligue_1,2018,4,Saint-Etienne,38,19,9,10,59,41,"488,085,806","58,374,599,999,999,900"
Ligue_1,2018,5,Marseille,38,18,7,13,60,52,"44,589,918,000,000,000","5,592,750,000,000,000"
Ligue_1,2018,6,Montpellier,38,15,14,9,53,42,"4,125,642,200,000,000","560,964"
Ligue_1,2018,7,Nice,38,15,11,12,30,35,"49,732,516,000,000,000","48,158,400,000,000,000"
Ligue_1,2018,8,Reims,38,13,16,9,39,42,"4,228,275,399,999,990","4,821,990,000,000,000"
Ligue_1,2018,9,Nimes,38,15,8,15,57,58,"55,471,937","498,976"
Ligue_1,2018,10,Rennes,38,13,13,12,55,52,"46,194,150,000,000,000","59,932,300,000,000,000"
Ligue_1,2018,11,Strasbourg,38,11,16,11,58,48,"485,063,415","46,480,699,999,999,900"
Ligue_1,2018,12,Nantes,38,13,9,16,48,48,"47,296,807","546,208"
Ligue_1,2018,13,Angers,38,10,16,12,44,49,"4,630,528,199,999,990","532,052"
Ligue_1,2018,14,Bordeaux,38,10,11,17,34,42,"52,186,512","41,366,899,999,999,900"
Ligue_1,2018,15,Toulouse,38,8,14,16,35,57,"56,420,711,000,000,000","439,835"
Ligue_1,2018,16,Amiens,38,9,11,18,31,52,"46,755,320,999,999,900","423,446"
Ligue_1,2018,17,Monaco,38,8,12,18,38,57,"4,876,286,300,000,000","51,266,800,000,000,000"
Ligue_1,2018,18,Dijon,38,9,7,22,31,60,"5,761,286,199,999,990","374,682"
Ligue_1,2018,19,Caen,38,7,12,19,29,54,"61,086,346","3,023,909,999,999,990"
Ligue_1,2018,20,Guingamp,38,5,12,21,28,68,"549,361,567","44,119,299,999,999,900"
Ligue_1,2019,1,Paris Saint Germain,27,22,2,3,75,24,"22,434,996,000,000,000","6,567,940,000,000,000"
Ligue_1,2019,2,Marseille,28,16,8,4,41,29,"32,046,407","4,173,190,000,000,000"
Ligue_1,2019,3,Rennes,28,15,5,8,38,24,"28,150,286,000,000,000","41,176,100,000,000,000"
Ligue_1,2019,4,Lille,28,15,4,9,35,27,"30,169,216,000,000,000","4,711,880,000,000,000"
Ligue_1,2019,5,Nice,28,11,8,9,41,38,"4,269,219,799,999,990","3,561,959,999,999,990"
Ligue_1,2019,6,Reims,28,10,11,7,26,21,"26,467,583","404,213"
Ligue_1,2019,7,Montpellier,28,11,7,10,35,34,"32,258,608","40,055"
Ligue_1,2019,8,Monaco,28,11,7,10,44,44,"4,105,654","4,246,609,999,999,990"
Ligue_1,2019,9,Lyon,28,11,7,10,42,27,"24,727,822","463,375"
Ligue_1,2019,10,Angers,28,11,6,11,28,33,"28,148,132","3,748,950,000,000,000"
Ligue_1,2019,11,Strasbourg,27,11,5,11,32,32,"3,346,142,570,000,000","377,368"
Ligue_1,2019,12,Nantes,28,11,4,13,28,31,"30,262,707","359,084"
Ligue_1,2019,13,Bordeaux,28,9,10,9,40,34,"35,199,265,999,999,900","3,705,780,000,000,000"
Ligue_1,2019,14,Metz,28,8,10,10,27,35,"3,653,768,300,000,000","290,386"
Ligue_1,2019,15,Brest,28,8,10,10,34,37,"4,410,606,399,999,990","30,644,199,999,999,900"
Ligue_1,2019,16,Dijon,28,7,9,12,27,37,"39,300,382","3,118,699,999,999,990"
Ligue_1,2019,17,Saint-Etienne,28,8,6,14,29,45,"37,725,643","3,267,549,999,999,990"
Ligue_1,2019,18,Nimes,28,7,6,15,29,44,"404,734","326,876"
Ligue_1,2019,19,Amiens,28,4,11,13,31,50,"38,426,209","328,361"
Ligue_1,2019,20,Toulouse,28,3,4,21,22,58,"48,275,034","28,007,300,000,000,000"
RFPL,2014,1,Zenit St. Petersburg,30,20,7,3,58,17,"16,838,673,800,000,000","6,384,480,000,000,000"
RFPL,2014,2,CSKA Moscow,30,19,3,8,67,27,"28,801,403,999,999,900","54,564,400,000,000,000"
RFPL,2014,3,FC Krasnodar,30,17,9,4,52,27,"2,849,260,799,999,990","510,937"
RFPL,2014,4,Dinamo Moscow,30,14,8,8,53,36,"38,761,823","438,898"
RFPL,2014,5,Rubin Kazan,30,13,9,8,39,33,"25,433,678,999,999,900","531,648"
RFPL,2014,6,Spartak Moscow,30,12,8,10,42,42,"3,309,729,699,999,990","47,743,900,000,000,000"
RFPL,2014,7,Lokomotiv Moscow,30,11,10,9,31,25,"28,673,942,999,999,900","435,557"
RFPL,2014,8,Mordovya,30,11,5,14,22,43,"44,489,191,999,999,900","2,844,779,999,999,990"
RFPL,2014,9,FK Akhmat,30,10,7,13,30,30,"27,650,280,999,999,900","39,007,999,999,999,900"
RFPL,2014,10,Kuban Krasnodar,30,8,12,10,32,36,"317,529,088","4,393,749,999,999,990"
RFPL,2014,11,Amkar,30,8,8,14,25,42,"34,152,591","3,357,889,999,999,990"
RFPL,2014,12,FC Ufa,30,7,10,13,26,39,"4,327,294,499,999,990","26,505,200,000,000,000"
RFPL,2014,13,Ural,30,9,3,18,31,44,"4,426,907,700,000,000","318,017"
RFPL,2014,14,FC Rostov,30,7,8,15,27,51,"4,147,785,910,000,000","363,876"
RFPL,2014,15,Torpedo Moscow,30,6,11,13,28,45,"4,181,640,300,000,000","32,966,300,000,000,000"
RFPL,2014,16,Arsenal Tula,30,7,4,19,20,46,"4,773,374,899,999,990","26,644"
RFPL,2015,1,CSKA Moscow,30,20,5,5,51,25,"2,526,395,138","58,346,500,000,000,000"
RFPL,2015,2,FC Rostov,30,19,6,5,41,20,"27,333,496,799,999,900","472,366"
RFPL,2015,3,Zenit St. Petersburg,30,17,8,5,61,32,"24,268,732,999,999,900","63,500,699,999,999,900"
RFPL,2015,4,FC Krasnodar,30,16,8,6,54,25,"26,457,126","5,191,389,999,999,990"
RFPL,2015,5,Spartak Moscow,30,15,5,10,48,39,"3,590,379,900,000,000","49,968,900,000,000,000"
RFPL,2015,6,Lokomotiv Moscow,30,14,8,8,43,33,"27,063,265,999,999,900","4,899,860,000,000,000"
RFPL,2015,7,FK Akhmat,30,11,11,8,35,30,"30,914,519,999,999,900","4,004,260,000,000,000"
RFPL,2015,8,Ural,30,10,9,11,39,46,"38,234,635,999,999,900","3,716,409,999,999,990"
RFPL,2015,9,Krylya Sovetov Samara,30,9,8,13,19,31,"34,928,397","359,602"
RFPL,2015,10,Rubin Kazan,30,9,6,15,33,39,"47,250,958","35,561,699,999,999,900"
RFPL,2015,11,Amkar,30,7,10,13,22,33,"3,691,793,499,999,990","30,838,999,999,999,900"
RFPL,2015,12,FC Ufa,30,6,9,15,25,44,"43,960,418","25,071,499,999,999,900"
RFPL,2015,13,Anzhi Makhachkala,30,6,8,16,28,50,"37,590,900,999,999,900","3,421,770,000,000,000"
RFPL,2015,14,Kuban Krasnodar,30,5,11,14,34,44,"50,077,473,999,999,900","26,719,799,999,999,900"
RFPL,2015,15,Dinamo Moscow,30,5,10,15,25,47,"37,060,449,999,999,900","351,961"
RFPL,2015,16,Mordovya,30,4,12,14,30,50,"38,890,153","35,488,599,999,999,900"
RFPL,2016,1,Spartak Moscow,30,22,3,5,46,27,"303,129,325","450,015"
RFPL,2016,2,CSKA Moscow,30,18,8,4,47,15,"19,619,784,999,999,900","543,233"
RFPL,2016,3,Zenit St. Petersburg,30,18,7,5,50,19,"21,840,285,999,999,900","57,727,199,999,999,900"
RFPL,2016,4,FC Krasnodar,30,12,13,5,40,22,"21,455,822,499,999,900","4,797,059,999,999,990"
RFPL,2016,5,FC Rostov,30,13,9,8,36,18,"21,022,239,299,999,900","4,295,869,999,999,990"
RFPL,2016,6,FK Akhmat,30,14,6,10,38,35,"24,070,961,099,999,900","45,247,900,000,000,000"
RFPL,2016,7,FC Ufa,30,12,7,11,22,25,"26,380,037","376,608"
RFPL,2016,8,Lokomotiv Moscow,30,10,12,8,39,27,"20,305,827,800,000,000","496,995"
RFPL,2016,9,Rubin Kazan,30,10,8,12,30,34,"32,359,671,000,000,000","3,949,669,999,999,990"
RFPL,2016,10,Amkar,30,8,11,11,25,29,"22,952,559,999,999,900","36,783,699,999,999,900"
RFPL,2016,11,Anzhi Makhachkala,30,7,9,14,24,38,"32,414,381,000,000,000","331,809"
RFPL,2016,12,Ural,30,8,6,16,24,44,"37,064,935","26,795,399,999,999,900"
RFPL,2016,13,FC Orenburg,30,7,9,14,25,36,"26,182,377,900,000,000","38,508,100,000,000,000"
RFPL,2016,14,Krylya Sovetov Samara,30,6,10,14,31,39,"3,290,443,499,999,990","402,704"
RFPL,2016,15,Arsenal Tula,30,7,7,16,18,40,"35,448,741","31,160,800,000,000,000"
RFPL,2016,16,Tom Tomsk,30,3,5,22,17,64,"47,506,144","185,162"
RFPL,2017,1,Lokomotiv Moscow,30,18,6,6,41,21,"23,289,256","50,786,900,000,000,000"
RFPL,2017,2,CSKA Moscow,30,17,7,6,49,23,"26,553,496,500,000,000","536,637"
RFPL,2017,3,Spartak Moscow,30,16,8,6,51,32,"261,633,661","57,222,899,999,999,900"
RFPL,2017,4,FC Krasnodar,30,16,6,8,46,30,"29,783,917","47,031,299,999,999,900"
RFPL,2017,5,Zenit St. Petersburg,30,14,11,5,46,21,"19,802,434","5,736,580,000,000,000"
RFPL,2017,6,FC Ufa,30,11,10,9,34,30,"3,525,943,900,000,000","352,667"
RFPL,2017,7,Arsenal Tula,30,12,6,12,35,41,"37,600,148,999,999,900","3,787,869,999,999,990"
RFPL,2017,8,Dinamo Moscow,30,10,10,10,29,30,"30,308,101,999,999,900","41,407,399,999,999,900"
RFPL,2017,9,FK Akhmat,30,10,9,11,30,34,"30,280,425","4,331,230,000,000,000"
RFPL,2017,10,Rubin Kazan,30,9,11,10,32,25,"24,739,504,099,999,900","42,131,299,999,999,900"
RFPL,2017,11,FC Rostov,30,9,10,11,27,28,"27,763,105","408,673"
RFPL,2017,12,Ural,30,8,13,9,31,32,"36,227,627,999,999,900","343,124"
RFPL,2017,13,Amkar,30,9,8,13,20,30,"32,432,396","335,743"
RFPL,2017,14,Anzhi Makhachkala,30,6,6,18,31,55,"39,252,174","30,640,099,999,999,900"
RFPL,2017,15,Tosno,30,6,6,18,23,54,"38,772,352,000,000,000","30,587,699,999,999,900"
RFPL,2017,16,SKA-Khabarovsk,30,2,7,21,16,55,"55,725,229","179,077"
RFPL,2018,1,Zenit St. Petersburg,30,20,4,6,57,29,"27,269,833,000,000,000","564,712"
RFPL,2018,2,Lokomotiv Moscow,30,16,8,6,45,28,"30,119,536,999,999,900","505,806"
RFPL,2018,3,FC Krasnodar,30,16,8,6,55,23,"291,326,028","548,627"
RFPL,2018,4,CSKA Moscow,30,14,9,7,46,23,"25,912,319,999,999,900","53,622,899,999,999,900"
RFPL,2018,5,Spartak Moscow,30,14,7,9,36,31,"34,105,827,700,000,000","44,047,999,999,999,900"
RFPL,2018,6,Arsenal Tula,30,12,10,8,40,33,"36,338,112","378,151"
RFPL,2018,7,FC Orenburg,30,12,7,11,39,34,"349,395,626","38,647,099,999,999,900"
RFPL,2018,8,FK Akhmat,30,11,9,10,28,30,"28,472,574,000,000,000","3,793,209,999,999,990"
RFPL,2018,9,FC Rostov,30,10,11,9,25,23,"24,675,264,200,000,000","437,124"
RFPL,2018,10,Ural,30,10,8,12,33,45,"44,672,687,499,999,900","32,011,199,999,999,900"
RFPL,2018,11,Rubin Kazan,30,7,15,8,24,30,"30,627,439","389,681"
RFPL,2018,12,Dinamo Moscow,30,6,15,9,28,28,"25,745,535","46,724,000,000,000,000"
RFPL,2018,13,Krylya Sovetov Samara,30,8,4,18,25,46,"4,313,540,500,000,000","31,824,200,000,000,000"
RFPL,2018,14,FC Ufa,30,5,11,14,24,34,"30,926,339,600,000,000","352,001"
RFPL,2018,15,Anzhi Makhachkala,30,5,6,19,13,50,"49,482,044","211,804"
RFPL,2018,16,FC Yenisey Krasnoyarsk,30,4,8,18,24,55,"4,550,238","31,854,800,000,000,000"
RFPL,2019,1,Zenit St. Petersburg,30,22,6,2,65,18,"25,011,284,000,000,000","6,375,219,999,999,990"
RFPL,2019,2,Lokomotiv Moscow,30,16,9,5,41,29,"30,901,806","520,032"
RFPL,2019,3,FC Krasnodar,30,14,10,6,49,30,"33,582,133","48,826,100,000,000,000"
RFPL,2019,4,CSKA Moscow,30,14,8,8,43,29,"335,888,183","4,580,739,999,999,990"
RFPL,2019,5,FC Rostov,30,12,9,9,45,50,"45,478,675","416,821"
RFPL,2019,6,Dinamo Moscow,30,11,8,11,27,30,"32,820,803","46,032,399,999,999,900"
RFPL,2019,7,Spartak Moscow,30,11,6,13,35,33,"3,475,016,959,999,990","4,630,680,000,000,000"
RFPL,2019,8,FC Ufa,30,8,14,8,22,24,"3,574,179,900,000,000","32,833,600,000,000,000"
RFPL,2019,9,Arsenal Tula,30,11,5,14,37,41,"4,046,678,099,999,990","353,299"
RFPL,2019,10,Rubin Kazan,30,8,11,11,18,28,"43,454,631,700,000,000","328,157"
RFPL,2019,11,Ural,30,9,8,13,36,53,"49,420,263,000,000,000","31,777,900,000,000,000"
RFPL,2019,12,PFC Sochi,30,8,9,13,40,39,"38,850,259","386,587"
RFPL,2019,13,FK Akhmat,30,7,10,13,27,46,"4,062,619,600,000,000","365,424"
RFPL,2019,14,Krylya Sovetov Samara,30,8,7,15,33,40,"4,298,069,300,000,000","363,363"
RFPL,2019,15,FC Tambov,30,9,4,17,37,41,"39,747,938","292,413"
RFPL,2019,16,FC Orenburg,30,7,6,17,28,52,"37,169,797","3,923,640,000,000,000"
